{
  "hash": "b91272cd",
  "configHash": "4a2946c5",
  "lockfileHash": "8bc0f195",
  "browserHash": "d7f6fd18",
  "optimized": {
    "@angular/common": {
      "src": "../../../../../../node_modules/@angular/common/fesm2022/common.mjs",
      "file": "@angular_common.js",
      "fileHash": "51aed791",
      "needsInterop": false
    },
    "@angular/core": {
      "src": "../../../../../../node_modules/@angular/core/fesm2022/core.mjs",
      "file": "@angular_core.js",
      "fileHash": "ff26a8f8",
      "needsInterop": false
    },
    "@angular/platform-browser": {
      "src": "../../../../../../node_modules/@angular/platform-browser/fesm2022/platform-browser.mjs",
      "file": "@angular_platform-browser.js",
      "fileHash": "a8e4fef6",
      "needsInterop": false
    },
    "@angular/router": {
      "src": "../../../../../../node_modules/@angular/router/fesm2022/router.mjs",
      "file": "@angular_router.js",
      "fileHash": "0451b2e5",
      "needsInterop": false
    }
  },
  "chunks": {
    "chunk-4ZBN2MQ2": {
      "file": "chunk-4ZBN2MQ2.js"
    },
    "chunk-JSWMW3KL": {
      "file": "chunk-JSWMW3KL.js"
    },
    "chunk-2WBDY7DO": {
      "file": "chunk-2WBDY7DO.js"
    }
  }
}